INSERT INTO main.pizza (pizza_id, pizza_name, pizza_description, pizza_price, pizza_vegetarian, pizza_vegan, pizza_available, pizza_quantity) VALUES ('3b7c6d9d-37fa-4a0c-b07b-62977e7197e1', 'Pepperoni', 'Pepperoni, Homemade Tomato Sauce & Mozzarella.', 23.0, false, false, true, 20), ('8e5a62db-b34b-47a4-af41-e5a5a2bb9c4d', 'Margherita', 'Fior de Latte, Homemade Tomato Sauce, Extra Virgin Olive Oil & Basil.', 18.5, true, false, true, 10), ('c2a5d07f-d7a1-4837-9d43-83ff88b3255f', 'Vegan Margherita', 'Fior de Latte, Homemade Tomato Sauce, Extra Virgin Olive Oil & Basil.', 22.0, true, true, true, 15), ('2bb61aa3-6f92-4e91-ae9c-1051e0268a11', 'Avocado Festival', 'Hass Avocado, House Red Sauce, Sundried Tomatoes, Basil & Lemon Zest.', 19.95, true, false, true, 10), ('85eb3dd7-5a4e-4b49-8a94-79499ed17de5', 'Hawaiian', 'Homemade Tomato Sauce, Mozzarella, Pineapple & Ham.', 20.5, false, false, false, 5), ('c4d78d06-7314-4d6c-880f-840ed3e88b2d', 'Goat Cheese', 'Portobello Mushrooms, Mozzarella, Parmesan & Goat Cheeses with Alfredo Sauce.', 24.0, false, false, true, 25), ('eae6ee61-0a46-4ac0-85a6-2b68a5aeabe2', 'Mother Earth', 'Artichokes, Roasted Peppers, Rapini, Sundried Tomatoes, Onion, Shaved Green Bell Peppers & Sunny Seasoning.', 19.5, true, false, true, 30), ('2cd4d670-7425-4a8b-8edf-77c3eb508b58', 'Meat Lovers', 'Mild Italian Sausage, Pepperoni, Bacon, Homemade Tomato Sauce & Mozzarella.', 21.0, false, false, true, 35), ('1ee6517f-90cf-4c5b-97b2-8fe63d9c9e89', 'Marinated BBQ Chicken', 'Marinated Chicken with Cilantro, Red Onions, Gouda, Parmesan & Mozzarella Cheeses.', 20.95, false, false, false, 40), ('f40c9f8c-5db2-45d1-8e8a-84f7fe17143a', 'Truffle Cashew Cream', 'Wild mushrooms, Baby Kale, Shiitake Bacon & Lemon Vinaigrette. Soy free.', 22.0, true, true, true, 45), ('d5c7ed36-5f15-4fb1-84cf-170f77d6f90a', 'Rico Mor', 'Beef Chorizo, Sundried Tomatoes, Salsa Verde, Pepper, Jalapeno & pistachios', 23.0, false, false, true, 50), ('be1d0ec2-e999-4d56-91d7-68d57f9f1109', 'Spinach Artichoke', 'Fresh Spinach, Marinated Artichoke Hearts, Garlic, Fior de Latte, Mozzarella & Parmesan.', 18.95, true, false, true, 55);

INSERT INTO main.pizza_order (order_id, customer_id, order_date, order_total, order_method, order_additional_notes) VALUES ('3b7c6d9d-37fa-4a0c-b07b-62977e7197e1', '998c7d07-1737-467b-9cee-3d007bb46675', CURRENT_DATE - INTERVAL '5 day', 42.95, 'D', 'Don´t be late pls.'), ('8e5a62db-b34b-47a4-af41-e5a5a2bb9c4d', '998c7d07-1737-467b-9cee-3d007bb46675', CURRENT_DATE - INTERVAL '4 day', 62.0, 'S', null), ('c2a5d07f-d7a1-4837-9d43-83ff88b3255f', '5f104ce3-af50-4173-9a19-df03bbc23219', CURRENT_DATE - INTERVAL '3 day', 22.0, 'C', null), ('2bb61aa3-6f92-4e91-ae9c-1051e0268a11', '5f104ce3-af50-4173-9a19-df03bbc23219', CURRENT_DATE - INTERVAL '2 day', 42.0, 'S', null), ('3b7c6d9d-37fa-4a0c-b07b-62977e719733', '063bb6c3-5bd0-40c6-8f5f-5057aacb1af5', CURRENT_DATE - INTERVAL '1 day', 20.5, 'D', 'Please bring the jalapeños separately.'), ('cdcf29db-2ed8-44f5-bb07-d8b48db97805', '063bb6c3-5bd0-40c6-8f5f-5057aacb1af5', CURRENT_DATE, 23, 'D', null);

INSERT INTO main.order_item (order_id, order_item_id, pizza_id, order_quantity, order_price) VALUES ('3b7c6d9d-37fa-4a0c-b07b-62977e7197e1', '3b7c6d9d-37fa-4a0c-b07b-62977e7197e1', '3b7c6d9d-37fa-4a0c-b07b-62977e7197e1', 1, 23.0), ('3b7c6d9d-37fa-4a0c-b07b-62977e7197e1', '3b7c6d9d-37fa-4a0c-b07b-62977e7197e2', '2bb61aa3-6f92-4e91-ae9c-1051e0268a11', 1, 19.95), ('8e5a62db-b34b-47a4-af41-e5a5a2bb9c4d', '8e5a62db-b34b-47a4-af41-e5a5a2bb9c4d', '8e5a62db-b34b-47a4-af41-e5a5a2bb9c4d', 1, 18.5), ('8e5a62db-b34b-47a4-af41-e5a5a2bb9c4d', '8e5a62db-b34b-47a4-af41-e5a5a2bb9c33', 'c4d78d06-7314-4d6c-880f-840ed3e88b2d', 1, 24.0), ('8e5a62db-b34b-47a4-af41-e5a5a2bb9c4d', '8e5a62db-b34b-47a4-af41-e5a5a2bb9c55', 'eae6ee61-0a46-4ac0-85a6-2b68a5aeabe2', 1, 19.5), ('c2a5d07f-d7a1-4837-9d43-83ff88b3255f', 'c2a5d07f-d7a1-4837-9d43-83ff88b3255f', 'c2a5d07f-d7a1-4837-9d43-83ff88b3255f', 1, 22.0), ('2bb61aa3-6f92-4e91-ae9c-1051e0268a11', '2bb61aa3-6f92-4e91-ae9c-1051e0268a11', '2cd4d670-7425-4a8b-8edf-77c3eb508b58', 2, 42.0), ('3b7c6d9d-37fa-4a0c-b07b-62977e719733', '3b7c6d9d-37fa-4a0c-b07b-62977e719734', 'f40c9f8c-5db2-45d1-8e8a-84f7fe17143a', 0.5, 11.0), ('3b7c6d9d-37fa-4a0c-b07b-62977e719733', '3b7c6d9d-37fa-4a0c-b07b-62977e719735', 'be1d0ec2-e999-4d56-91d7-68d57f9f1109', 0.5, 9.5), ('cdcf29db-2ed8-44f5-bb07-d8b48db97805', 'cdcf29db-2ed8-44f5-bb07-d8b48db97805', 'd5c7ed36-5f15-4fb1-84cf-170f77d6f90a', 1, 23);